{
  "id": "3223953",
  "name": "PersonalIntroduction",
  "font_family": "iconfont",
  "css_prefix_text": "icon-",
  "description": "小贝比描述",
  "glyphs": [
    {
      "icon_id": "2503590",
      "name": "博客专家",
      "font_class": "bokezhuanjia",
      "unicode": "e82b",
      "unicode_decimal": 59435
    },
    {
      "icon_id": "3176645",
      "name": "GitHub",
      "font_class": "GitHub",
      "unicode": "ea0a",
      "unicode_decimal": 59914
    },
    {
      "icon_id": "4604225",
      "name": "邮箱",
      "font_class": "youxiang",
      "unicode": "e61a",
      "unicode_decimal": 58906
    },
    {
      "icon_id": "8116051",
      "name": "联系方式",
      "font_class": "lianxifangshi",
      "unicode": "e657",
      "unicode_decimal": 58967
    },
    {
      "icon_id": "9186714",
      "name": "QQ",
      "font_class": "QQ",
      "unicode": "e667",
      "unicode_decimal": 58983
    },
    {
      "icon_id": "15933094",
      "name": "微信",
      "font_class": "weixin",
      "unicode": "e607",
      "unicode_decimal": 58887
    },
    {
      "icon_id": "22822362",
      "name": "简历",
      "font_class": "jianli",
      "unicode": "e662",
      "unicode_decimal": 58978
    },
    {
      "icon_id": "26267546",
      "name": "bilibili",
      "font_class": "bilibili",
      "unicode": "e609",
      "unicode_decimal": 58889
    },
    {
      "icon_id": "26267572",
      "name": "gitee",
      "font_class": "gitee",
      "unicode": "e60c",
      "unicode_decimal": 58892
    },
    {
      "icon_id": "26615336",
      "name": "网站链接，互联网",
      "font_class": "a-wangzhanlianjiehulianwang",
      "unicode": "e74d",
      "unicode_decimal": 59213
    }
  ]
}
